fontenelle,domvill,glanville,behn
P001,P001,P001,P001
P002,P002,P002,P002
,,P003,P003
,,,P004
,,,P005
P003,P003,P004,P006
P004,,,P007
,,,P008
,,,P009
P005,,P005,
P006,P004,,P010
P007,P005,P006,P011
,,,P012
P008,P006,,
P009,P007,P007,
P010,P008,,P013
P011,P009,,
P012,,,
P013,P010,,
P014,P011,P008,P014
P015,P012,,P015
P016,,,P016
P017,,,
P018,,P009,
P019,P013,P010,
P020,P014,P011,P017
P021,P015,P012,P018
,P016,,
P022,P017,P013,
P023,P018,,
P024,P019,,P019
P025,P020,P014,P020
P026,P021,P015,
P027,P022,P016,P021
P028,P023,P017,P022
P029,P024,P018,
P030,P025,P019,
P031,P026,P020,
P032,P027,,P023
P033,P028,P021,P024
P034,P029,P022,P025
,,,P026
P035,P030,P023,
,,P024,P027
,,P025,P028
,,P026,P029
P036,P031,P027,
,P032,,
P037,P033,P028,
P038,P034,P029,P030
P039,P035,P030,P031
P040,P036,P031,
P041,P037,,
P042,P038,P032,P032
P043,P039,P033,P033
P044,P040,P034,
P045,P041,P035,P034
P046,P042,,
P047,P043,P036,P035
P048,P044,P037,P036
P049,P045,P038,
,,P039,
P050,P046,P040,
P051,P047,P041,P037
,,,P038
P052,P048,,
P053,P049,P042,P039
P054,P050,P044,P040
P055,P051,P045,P041
,,,P042
P056,P052,P046,P043
P057,P053,P047,
P058,P054,P048,P044
P059,P055,P049,P045
P060,P056,,
P061,P057,P050,P046
P062,P058,P051,P047
P063,P059,P052,P048
P064,P060,P053,P049
P065,P061,,
P066,P062,P054,
P067,P063,P055,P050
P068,P064,,P051
P069,,,
P070,P065,P056,P052
P071,,,
P072,P066,P057,P053
P073,P067,,
P074,P068,P058,P054
P075,P069,,P055
P076,P070,,P056
P077,P071,P059,P057
P078,P072,P060,P058
,P073,,
P079,P074,P061,P059
P080,,P062,
P081,,,
P082,P075,P063,P060
P083,P076,P064,
,,,
P084,P077,P065,
P085,P078,P066,P061
P086,P079,P067,P062
P087,P080,P068,
P088,P081,P069,
P089,P082,P070,
P090,P083,,P063
,P084,,
P091,P085,P071,
,P086,,
P092,P087,P072,P064
P093,P088,P073,P065
P094,P089,P074,P066
P095,P090,P075,P067
,P091,,
,P092,,
P096,P093,P076,P068
P097,P094,P077,P069
P098,P095,P078,P070
P099,P096,P079,P071
P100,P097,,P072
,P098,,
P101,P099,P080,P073
P102,P101,P081,P074
P103,P102,P082,
,P103,,
,P104,,
,P105,,
P104,P106,P083,
,P107,,
,P108,,
,P109,,
,P110,,
,P111,,
,P112,,
P105,P113,P084,P075
,P114,,
P106,P115,P085,P076
